Time,Counter,ax,ay,az,gx,gy,gz,mx,my,mz,roll,yaw,pitch,q0,q1,q2,q3,Rest,Mag Disturbance,
06.30 08:50:45:610,5265,0.14844,-0.36392,9.78750,-0.01278,-0.00213,0.00320,2.97945,-19.56837,-34.01903,-2.66426,20.27336,-0.91784,0.98411,-0.02148,-0.01197,0.17576,0,1,
06.30 08:50:46:053,5519,0.16281,-0.34955,9.79707,-0.01172,-0.00320,0.00639,2.49765,-17.95485,-32.01076,-2.63310,20.27112,-0.90771,0.98412,-0.02122,-0.01184,0.17575,0,1,
06.30 08:50:46:661,5866,0.14844,-0.36871,9.79228,-0.01385,-0.00213,0.00426,3.14149,-18.48130,-35.04718,-2.59546,20.27303,-0.90735,0.98412,-0.02090,-0.01178,0.17577,0,1,
06.30 08:50:47:222,6186,0.14844,-0.35913,9.78750,-0.01278,-0.00320,0.00639,1.28121,-20.32495,-33.59345,-2.55855,20.26586,-0.90158,0.98414,-0.02059,-0.01167,0.17571,0,1,
06.30 08:50:47:415,6296,0.15802,-0.35913,9.79228,-0.01172,-0.00426,0.00533,2.35797,-17.75665,-33.66956,-2.54604,20.26657,-0.90708,0.98414,-0.02048,-0.01170,0.17572,0,1,
06.30 08:50:47:645,6427,0.15323,-0.37350,9.79228,-0.01278,-0.00107,0.00639,2.97985,-19.87096,-34.02733,-2.52655,20.26825,-0.90936,0.98414,-0.02031,-0.01169,0.17574,0,1,
06.30 08:50:47:694,6455,0.15802,-0.35913,9.79707,-0.00959,-0.00213,0.00533,2.20923,-18.80211,-34.15260,-2.52535,20.26896,-0.90857,0.98414,-0.02030,-0.01168,0.17574,0,1,
06.30 08:50:47:903,6574,0.16281,-0.37350,9.78271,-0.01172,-0.00213,0.00533,2.80864,-20.07523,-32.06757,-2.51311,20.26993,-0.90535,0.98414,-0.02020,-0.01163,0.17575,0,1,
06.30 08:50:48:178,6731,0.15323,-0.36392,9.78750,-0.01385,-0.00213,0.00426,3.90147,-19.58344,-33.71296,-2.49483,20.26977,-0.89745,0.98415,-0.02005,-0.01154,0.17575,0,1,
06.30 08:50:48:337,6822,0.15323,-0.36392,9.77792,-0.01172,-0.00426,0.00533,2.96684,-18.08871,-32.76859,-2.48711,20.26472,-0.89849,0.98416,-0.01998,-0.01153,0.17571,0,1,
06.30 08:50:51:121,8410,0.13886,-0.36871,9.77792,-0.01172,-0.00533,0.00639,3.27280,-18.40187,-32.47337,-2.35136,20.28019,-0.91079,0.98415,-0.01880,-0.01143,0.17586,0,1,
06.30 08:50:51:278,8500,0.16281,-0.37350,9.78750,-0.01172,-0.00320,0.00639,4.04903,-17.63021,-33.20502,-2.34424,20.28364,-0.90860,0.98415,-0.01874,-0.01141,0.17589,0,1,
06.30 08:50:51:506,8630,0.15323,-0.35913,9.78271,-0.01385,-0.00320,0.00426,2.52731,-18.16589,-35.34367,-2.33290,20.28251,-0.90985,0.98415,-0.01864,-0.01140,0.17588,0,1,
06.30 08:50:52:802,9369,0.16281,-0.35913,9.80186,-0.01278,-0.00320,0.00533,2.97068,-18.98816,-33.09572,-2.29468,20.29274,-0.89449,0.98415,-0.01834,-0.01121,0.17597,0,1,
06.30 08:50:52:870,9408,0.14844,-0.35913,9.79228,-0.01065,-0.00320,0.00639,4.67001,-17.01289,-33.79034,-2.29383,20.29356,-0.89215,0.98414,-0.01833,-0.01119,0.17598,0,1,
06.30 08:50:53:598,9823,0.15802,-0.35913,9.79228,-0.01172,-0.00213,0.00639,4.04154,-20.08422,-32.06246,-2.29197,20.28720,-0.87346,0.98415,-0.01834,-0.01102,0.17593,0,1,
06.30 08:50:53:986,10045,0.16281,-0.35913,9.80186,-0.01385,-0.00320,0.00533,2.04295,-18.68714,-32.78902,-2.28545,20.29182,-0.87117,0.98415,-0.01829,-0.01100,0.17597,0,1,
06.30 08:50:54:470,10321,0.16281,-0.36871,9.77792,-0.01172,-0.00213,0.00426,1.28298,-17.58500,-34.12324,-2.28232,20.28092,-0.88102,0.98417,-0.01825,-0.01107,0.17587,0,1,
06.30 08:50:54:959,10600,0.16281,-0.36871,9.80665,-0.01278,-0.00426,0.00746,3.12475,-17.92606,-33.21715,-2.27513,20.27906,-0.87764,0.98417,-0.01819,-0.01103,0.17586,0,1,
06.30 08:50:55:431,10869,0.15802,-0.34477,9.79707,-0.01278,-0.00320,0.00533,4.05780,-18.21043,-34.12833,-2.27183,20.28455,-0.88028,0.98416,-0.01816,-0.01105,0.17591,0,1,
06.30 08:50:55:654,10997,0.16281,-0.35913,9.80186,-0.01278,-0.00320,0.00426,2.82115,-19.42843,-33.56216,-2.27158,20.28304,-0.88051,0.98416,-0.01816,-0.01105,0.17589,0,1,
06.30 08:50:55:937,11158,0.14365,-0.35434,9.79228,-0.01172,-0.00320,0.00746,3.59058,-19.58951,-33.41200,-2.27398,20.28155,-0.88577,0.98417,-0.01817,-0.01110,0.17588,0,1,
06.30 08:50:55:945,11160,0.14365,-0.35913,9.79228,-0.01278,-0.00320,0.00639,3.59058,-19.58951,-33.41200,-2.27398,20.28155,-0.88577,0.98417,-0.01817,-0.01110,0.17588,0,1,
06.30 08:50:56:144,11276,0.15323,-0.35913,9.78271,-0.01278,-0.00107,0.00639,2.82342,-19.11752,-33.85610,-2.26320,20.28414,-0.88761,0.98416,-0.01808,-0.01110,0.17590,0,1,
06.30 08:50:58:152,12422,0.14844,-0.37828,9.77313,-0.01172,-0.00320,0.00639,1.58332,-19.73867,-32.97110,-2.25250,20.28538,-0.85554,0.98416,-0.01803,-0.01081,0.17592,0,1,
06.30 08:50:58:455,12595,0.14844,-0.35913,9.79707,-0.01278,-0.00426,0.00533,3.58113,-20.53057,-32.22794,-2.24398,20.28660,-0.84985,0.98416,-0.01797,-0.01075,0.17593,0,1,
06.30 08:50:58:700,12734,0.17238,-0.34955,9.79707,-0.01172,-0.00426,0.00639,1.89155,-19.74092,-32.96983,-2.24111,20.28147,-0.84399,0.98417,-0.01795,-0.01069,0.17589,0,1,
06.30 08:51:00:105,13536,0.15323,-0.35913,9.79707,-0.01065,-0.00213,0.00639,4.04716,-18.24372,-32.91938,-2.22925,20.28882,-0.81129,0.98416,-0.01790,-0.01039,0.17596,0,1,
06.30 08:51:00:182,13580,0.15323,-0.36392,9.79228,-0.01172,0.00000,0.00639,2.50465,-21.27501,-32.40429,-2.22745,20.28803,-0.81074,0.98417,-0.01789,-0.01039,0.17595,0,1,
06.30 08:51:00:416,13714,0.16281,-0.36392,9.78750,-0.01278,-0.00533,0.00639,3.27585,-18.69614,-32.78391,-2.21348,20.29410,-0.80984,0.98416,-0.01777,-0.01036,0.17601,0,1,
06.30 08:51:00:626,13833,0.17238,-0.35913,9.81144,-0.01491,0.00000,0.00426,3.42883,-18.85272,-32.63630,-2.21555,20.29290,-0.80179,0.98416,-0.01780,-0.01029,0.17600,0,1,
06.30 08:51:00:633,13837,0.15802,-0.36392,9.80665,-0.01278,0.00213,0.00533,3.42883,-18.85272,-32.63630,-2.21555,20.29290,-0.80179,0.98416,-0.01780,-0.01029,0.17600,0,1,
06.30 08:51:01:097,14102,0.13886,-0.36392,9.79228,-0.01278,-0.00213,0.00639,4.36031,-17.92673,-33.51427,-2.22185,20.29251,-0.79125,0.98416,-0.01787,-0.01021,0.17599,0,1,
06.30 08:51:03:484,15464,-0.02394,-0.65601,9.84975,-0.06285,-0.02237,0.51346,1.75068,-18.63495,-34.60372,-2.11917,23.09772,-0.52918,0.97958,-0.01719,-0.00823,0.20009,1,1,
06.30 08:51:03:733,15606,0.09098,-4.48673,10.73560,-1.05035,1.28577,6.38413,-1.63695,-14.65157,-35.41661,-6.71330,72.19707,16.06055,0.79387,-0.12901,0.07852,0.58901,1,1,
06.30 08:51:06:219,17025,0.83318,-0.72784,9.05008,-0.00107,0.12357,-0.23116,-12.49334,11.34168,-30.81859,-3.66226,-169.60143,-10.70331,-0.08721,0.09572,-0.02324,0.99130,1,1,
06.30 08:51:06:419,17139,1.13964,-0.05746,8.49463,0.05646,0.22264,0.49215,-9.87840,12.06655,-30.33361,-4.86814,-168.30467,-8.36261,-0.09844,0.07678,-0.03471,0.99156,1,1,
06.30 08:51:06:958,17446,-0.56024,0.17238,9.80186,-0.01917,-0.04474,-0.05646,-6.15949,10.88745,-32.46712,0.34003,-159.26483,-1.49859,-0.17998,0.01233,0.00527,0.98357,1,1,
06.30 08:51:08:129,18114,0.02873,-0.22027,9.80186,-0.01278,-0.00213,0.00426,-4.46164,11.94663,-32.88440,0.14735,-159.30144,-1.49464,-0.17965,0.01260,0.00361,0.98364,1,1,
06.30 08:51:08:635,18403,0.02873,-0.22027,9.80186,-0.01172,-0.00107,0.00426,-5.37913,12.58353,-33.77835,0.05423,-159.27956,-1.41748,-0.17983,0.01208,0.00269,0.98362,1,1,
06.30 08:51:08:980,18600,0.01915,-0.22505,9.80665,-0.01385,-0.00533,0.00533,-3.84834,14.36285,-32.81545,0.00073,-159.25871,-1.36273,-0.18000,0.01170,0.00215,0.98359,1,1,
06.30 08:51:09:015,18620,0.01437,-0.23463,9.79228,-0.01172,-0.00320,0.00533,-5.38976,12.55024,-32.56940,-0.00853,-159.25615,-1.35788,-0.18002,0.01167,0.00206,0.98359,1,1,
06.30 08:51:10:734,19601,0.01437,-0.22505,9.79228,-0.01385,-0.00107,0.00639,-4.47573,12.51019,-31.35662,-0.29277,-159.15839,-1.08971,-0.18084,0.00981,-0.00079,0.98346,0,1,
06.30 08:51:11:386,19973,0.02873,-0.21548,9.79228,-0.01278,-0.00320,0.00533,-3.83563,10.75674,-33.82175,-0.40018,-159.12849,-1.01068,-0.18109,0.00931,-0.00184,0.98342,0,1,
06.30 08:51:11:614,20103,0.02394,-0.21548,9.80186,-0.01278,-0.00213,0.00746,-3.69526,12.07982,-32.42370,-0.43692,-159.11407,-0.97893,-0.18121,0.00909,-0.00220,0.98339,0,1,
06.30 08:51:11:744,20177,0.02394,-0.22984,9.79228,-0.01278,-0.00107,0.00533,-4.91634,11.21434,-33.66266,-0.44566,-159.09970,-0.96215,-0.18134,0.00896,-0.00230,0.98337,0,1,
06.30 08:51:12:503,20610,0.01915,-0.22027,9.80665,-0.01172,-0.00213,0.00639,-4.00615,12.07374,-32.12274,-0.54254,-159.06816,-0.87240,-0.18160,0.00835,-0.00327,0.98332,0,1,
06.30 08:51:12:984,20885,0.00000,-0.24421,9.78750,-0.01385,-0.00320,0.00533,-6.15230,11.51760,-33.35724,-0.60151,-159.04297,-0.83478,-0.18182,0.00812,-0.00384,0.98328,0,1,
06.30 08:51:13:222,21020,-0.04310,-0.22505,9.78750,-0.01385,0.00852,0.00852,-6.00011,11.96620,-33.19303,-0.62636,-159.03938,-0.84297,-0.18185,0.00823,-0.00404,0.98328,0,1,
06.30 08:51:13:749,21321,-0.02873,-0.21069,9.76355,-0.01065,-0.00639,0.00320,-4.61954,11.78398,-32.43583,-0.67257,-159.00943,-0.79980,-0.18210,0.00793,-0.00450,0.98323,0,1,
06.30 08:51:14:200,21578,0.05267,-0.21548,9.80665,-0.01172,-0.00426,0.00746,-4.77400,11.02447,-32.30610,-0.69906,-158.97867,-0.77802,-0.18236,0.00779,-0.00476,0.98318,0,1,
06.30 08:51:14:299,21635,0.06704,-0.21548,9.81623,-0.01172,0.00000,0.00639,-4.00812,13.58669,-32.08125,-0.70725,-158.97449,-0.77345,-0.18240,0.00776,-0.00484,0.98317,0,1,
06.30 08:51:14:622,21819,0.02873,-0.23942,9.79707,-0.01172,-0.00533,0.00533,-4.16228,14.65104,-32.20396,-0.72512,-158.95621,-0.75124,-0.18256,0.00760,-0.00502,0.98314,0,1,
06.30 08:51:14:835,21941,0.01915,-0.22027,9.79707,-0.01278,0.00000,0.00426,-4.92738,11.48364,-32.44541,-0.73796,-158.94070,-0.73258,-0.18269,0.00746,-0.00516,0.98312,0,1,
06.30 08:51:16:294,22773,0.01915,-0.22027,9.79228,-0.01278,-0.00320,0.00320,-3.86036,11.28701,-31.08502,-0.81215,-158.87785,-0.66647,-0.18323,0.00702,-0.00590,0.98301,0,1,
06.30 08:51:16:331,22794,0.02394,-0.22027,9.79228,-0.01172,-0.00320,0.00639,-5.23560,11.48589,-32.44669,-0.81300,-158.87752,-0.66436,-0.18323,0.00700,-0.00591,0.98301,0,1,
06.30 08:51:16:538,22912,0.01915,-0.22027,9.79228,-0.01065,-0.00320,0.00426,-2.76674,11.17362,-32.74699,-0.81937,-158.86530,-0.65928,-0.18334,0.00697,-0.00597,0.98299,0,1,
06.30 08:51:16:572,22932,0.03352,-0.22027,9.80186,-0.01065,-0.00320,0.00533,-3.38901,13.59052,-32.38092,-0.81831,-158.86249,-0.66031,-0.18336,0.00697,-0.00596,0.98299,0,1,
06.30 08:51:16:895,23116,0.02873,-0.21548,9.80186,-0.01172,-0.00320,0.00533,-3.86006,13.11088,-31.33746,-0.82436,-158.84897,-0.65142,-0.18348,0.00691,-0.00603,0.98297,0,1,
06.30 08:51:16:939,23141,0.02873,-0.22505,9.80186,-0.01278,-0.00426,0.00533,-4.15755,11.01997,-32.30354,-0.82521,-158.84709,-0.64891,-0.18349,0.00689,-0.00604,0.98296,0,1,
06.30 08:51:18:133,23822,0.06225,-0.19632,9.82580,-0.01172,-0.00213,0.00639,-4.46390,11.63572,-32.59046,-0.80333,-158.81688,-0.62930,-0.18375,0.00669,-0.00588,0.98292,0,1,
06.30 08:51:18:152,23833,0.11971,-0.18196,9.96467,-0.01491,0.00107,0.00107,-4.62910,12.96937,-31.49593,-0.80261,-158.81841,-0.62594,-0.18374,0.00666,-0.00588,0.98292,0,1,
06.30 08:51:18:513,24039,0.00479,-0.21548,9.76355,-0.01278,0.00320,0.00746,-4.60772,10.90950,-33.66968,-0.79693,-158.79568,-0.62306,-0.18394,0.00662,-0.00584,0.98288,1,1,
06.30 08:51:18:601,24089,0.00479,-0.23463,9.79228,-0.01172,0.00213,0.00746,-4.92885,10.56754,-32.16807,-0.79361,-158.79602,-0.62573,-0.18393,0.00664,-0.00580,0.98288,1,1,
06.30 08:51:18:753,24176,0.03831,-0.21069,9.82102,-0.01278,-0.00426,0.00426,-3.70029,13.88703,-32.07167,-0.78733,-158.79645,-0.63935,-0.18393,0.00675,-0.00573,0.98288,1,1,
06.30 08:51:18:775,24189,0.01437,-0.23463,9.75877,-0.01172,0.00000,0.00746,-3.08531,12.96644,-31.79177,-0.78820,-158.79649,-0.63878,-0.18393,0.00674,-0.00574,0.98288,1,1,
06.30 08:51:18:976,24303,0.03352,-0.21548,9.78750,-0.01065,-0.00213,0.00426,-4.61915,11.48139,-32.44413,-0.78124,-158.78917,-0.64753,-0.18399,0.00681,-0.00566,0.98287,1,1,
06.30 08:51:19:218,24441,0.04310,-0.22027,9.80665,-0.01172,-0.00213,0.00533,-3.23140,11.92931,-32.57705,-0.77183,-158.78110,-0.65686,-0.18406,0.00687,-0.00557,0.98286,1,1,
06.30 08:51:19:993,24883,0.02394,-0.22027,9.81144,-0.01278,-0.00213,0.00426,-4.15381,12.24697,-32.87482,-0.74895,-158.76414,-0.67268,-0.18421,0.00697,-0.00534,0.98283,0,1,
06.30 08:51:20:595,25227,0.57940,-0.58419,9.83059,0.00000,-0.09800,-0.14594,-19.22385,-10.93388,-33.87873,-1.63688,106.44617,-0.84168,0.59868,-0.00267,-0.01584,0.80080,1,1,
06.30 08:51:21:124,25529,0.03352,-0.37828,9.80665,-0.01172,-0.00320,0.00639,-20.14439,-10.00272,-34.46215,-1.58068,107.33038,-1.18432,0.59251,0.00015,-0.01723,0.80536,1,1,
06.30 08:51:21:289,25623,0.03352,-0.39265,9.80665,-0.01172,-0.00320,0.00533,-19.37388,-8.94512,-34.58102,-1.57807,107.34117,-1.16930,0.59243,0.00006,-0.01714,0.80542,1,1,
06.30 08:51:21:345,25655,0.02394,-0.39744,9.79707,-0.01065,-0.00320,0.00320,-20.14291,-9.08662,-34.73949,-1.57874,107.34371,-1.16406,0.59241,0.00002,-0.01712,0.80543,1,1,
06.30 08:51:21:385,25678,0.02394,-0.38786,9.79228,-0.01385,-0.00320,0.00639,-20.78518,-9.77053,-31.73627,-1.57685,107.34590,-1.16122,0.59239,0.00001,-0.01709,0.80544,1,1,
06.30 08:51:21:637,25821,0.02394,-0.39744,9.79228,-0.01172,-0.00213,0.00533,-19.06861,-10.77955,-34.02507,-1.57795,107.36514,-1.13618,0.59226,-0.00017,-0.01697,0.80555,1,1,
06.30 08:51:21:813,25922,0.02873,-0.38786,9.78750,-0.01278,-0.00426,0.00639,-19.21558,-9.08505,-35.03789,-1.58247,107.37889,-1.11165,0.59216,-0.00036,-0.01687,0.80562,1,1,
06.30 08:51:22:162,26121,0.01437,-0.40223,9.76834,-0.01172,-0.00213,0.00533,-20.30082,-9.24928,-34.29092,-1.58512,107.40570,-1.06311,0.59197,-0.00071,-0.01664,0.80577,1,1,
06.30 08:51:22:396,26254,0.03352,-0.38786,9.78271,-0.01278,-0.00320,0.00533,-19.38373,-9.58359,-33.38867,-1.59478,107.42283,-1.02365,0.59185,-0.00104,-0.01650,0.80586,1,1,
06.30 08:51:22:762,26463,0.03352,-0.39265,9.79707,-0.01172,-0.00213,0.00426,-18.60484,-8.80361,-34.42256,-1.60963,107.43686,-0.95882,0.59174,-0.00157,-0.01627,0.80594,1,1,
06.30 08:51:22:919,26553,0.02873,-0.39265,9.80665,-0.01172,-0.00213,0.00639,-17.22132,-7.15365,-34.22004,-1.61081,107.44942,-0.92929,0.59165,-0.00178,-0.01613,0.80601,1,1,
06.30 08:51:23:023,26612,0.02873,-0.38786,9.79707,-0.01172,-0.00213,0.00533,-18.29474,-8.19235,-34.70692,-1.60906,107.45509,-0.90806,0.59161,-0.00192,-0.01601,0.80604,1,1,
06.30 08:51:23:037,26620,0.03352,-0.39265,9.79707,-0.01172,-0.00213,0.00533,-18.76009,-8.95794,-34.27623,-1.60883,107.45580,-0.90537,0.59161,-0.00194,-0.01599,0.80604,1,1,
06.30 08:51:23:079,26644,0.02873,-0.40223,9.79228,-0.01278,-0.00107,0.00426,-20.29668,-8.32486,-34.87050,-1.60877,107.45854,-0.89542,0.59159,-0.00201,-0.01594,0.80606,1,1,
06.30 08:51:23:200,26710,0.03352,-0.39265,9.79228,-0.01172,-0.00107,0.00533,-18.45984,-8.98516,-33.36824,-1.60942,107.46658,-0.86922,0.59153,-0.00219,-0.01581,0.80610,1,1,
06.30 08:51:23:454,26858,0.03352,-0.39265,9.79228,-0.01385,-0.00107,0.00533,-19.52912,-9.09945,-34.43470,-1.61280,107.47845,-0.81695,0.59144,-0.00258,-0.01556,0.80617,1,1,
06.30 08:51:24:422,27410,0.03352,-0.39744,9.78750,-0.01278,-0.00213,0.00426,-19.37654,-8.95344,-34.27879,-1.63917,107.52617,-0.60418,0.59109,-0.00420,-0.01465,0.80644,1,1,
06.30 08:51:25:202,27856,0.02394,-0.39265,9.78750,-0.01278,-0.00426,0.00426,-19.21095,-10.58968,-35.38162,-1.65748,107.56815,-0.43743,0.59078,-0.00547,-0.01392,0.80667,0,1,
06.30 08:51:25:491,28020,0.02394,-0.39265,9.79707,-0.01172,-0.00320,0.00533,-18.59223,-10.28326,-35.67300,-1.66878,107.57694,-0.37609,0.59072,-0.00596,-0.01369,0.80672,0,1,
06.30 08:51:26:468,28578,0.02394,-0.39265,9.78750,-0.01172,-0.00426,0.00426,-19.69806,-8.99280,-32.76888,-1.68431,107.62132,-0.19489,0.59039,-0.00731,-0.01287,0.80696,0,1,
06.30 08:51:26:704,28712,0.01915,-0.38786,9.79707,-0.01278,-0.00320,0.00426,-18.75743,-8.94961,-34.57847,-1.69014,107.63102,-0.15496,0.59031,-0.00762,-0.01270,0.80702,0,1,
06.30 08:51:26:913,28832,0.03352,-0.40223,9.78750,-0.01172,-0.00213,0.00533,-19.07708,-8.37548,-33.35420,-1.68739,107.64097,-0.12209,0.59024,-0.00783,-0.01251,0.80707,0,1,
06.30 08:51:27:586,29216,0.02873,-0.39265,9.79707,-0.01278,-0.00213,0.00533,-19.05156,-9.51093,-36.10753,-1.70518,107.68184,-0.01058,0.58994,-0.00871,-0.01207,0.80729,0,1,
06.30 08:51:27:781,29327,0.03352,-0.38786,9.80186,-0.01172,-0.00213,0.00533,-20.29777,-9.54354,-34.60146,-1.71022,107.69183,0.01894,0.58987,-0.00894,-0.01195,0.80734,0,1,
06.30 08:51:27:851,29367,0.01915,-0.39744,9.80186,-0.01385,-0.00213,0.00533,-20.92417,-8.05107,-33.65581,-1.71019,107.69483,0.03444,0.58985,-0.00905,-0.01187,0.80736,0,1,
06.30 08:51:28:641,29817,0.06704,-0.42138,9.78750,-0.01172,-0.00533,0.00639,-19.85252,-9.75231,-32.63915,-1.72129,107.73040,0.13257,0.58958,-0.00979,-0.01145,0.80755,0,1,
06.30 08:51:28:976,30009,0.09098,-0.40223,9.80665,-0.01172,0.00000,0.00746,-19.98422,-9.52915,-35.20465,-1.72961,107.73851,0.16752,0.58952,-0.01008,-0.01133,0.80759,0,1,
06.30 08:51:29:131,30097,-0.00958,-0.39744,9.78271,-0.01172,-0.00213,0.00533,-20.16232,-8.53971,-32.60723,-1.73028,107.74462,0.18255,0.58948,-0.01019,-0.01126,0.80762,0,1,
06.30 08:51:30:323,30777,0.02873,-0.40223,9.79707,-0.01278,-0.00213,0.00533,-19.84306,-8.81125,-33.82320,-1.73990,107.79249,0.25955,0.58913,-0.01078,-0.01093,0.80787,0,1,
06.30 08:51:31:285,31326,0.01915,-0.40701,9.79707,-0.01172,-0.00320,0.00533,-21.53530,-8.02992,-34.26284,-1.75399,107.80589,0.28340,0.58903,-0.01102,-0.01091,0.80794,0,1,
06.30 08:51:31:297,31333,0.01915,-0.40701,9.78750,-0.01172,-0.00426,0.00533,-21.07331,-8.79393,-34.13055,-1.75463,107.80540,0.28282,0.58904,-0.01101,-0.01092,0.80794,0,1,
06.30 08:51:32:518,32030,0.01915,-0.40223,9.78750,-0.01278,-0.00320,0.00533,-21.22589,-8.93994,-34.28646,-1.78416,107.82813,0.29362,0.58887,-0.01124,-0.01107,0.80805,0,1,
06.30 08:51:33:205,32422,0.02873,-0.40223,9.79228,-0.01278,-0.00320,0.00533,-20.76587,-8.19100,-34.11267,-1.80175,107.84683,0.29141,0.58874,-0.01131,-0.01121,0.80815,0,1,
06.30 08:51:34:717,33284,0.03352,-0.39265,9.79707,-0.01172,-0.00320,0.00639,-19.08043,-9.90507,-32.79122,-1.82609,107.88971,0.24826,0.58844,-0.01113,-0.01161,0.80836,0,1,
06.30 08:51:35:850,33931,0.02394,-0.39265,9.80186,-0.01278,-0.00320,0.00639,-20.29284,-9.22431,-35.19764,-1.82632,107.91830,0.20501,0.58825,-0.01082,-0.01183,0.80851,0,1,
06.30 08:51:36:046,34043,0.03352,-0.39744,9.79707,-0.01172,-0.00320,0.00426,-19.37190,-10.45806,-34.62252,-1.82144,107.92007,0.19743,0.58824,-0.01074,-0.01184,0.80852,0,1,
06.30 08:51:36:300,34188,0.02873,-0.40223,9.80186,-0.01172,-0.00107,0.00426,-21.21791,-8.91497,-35.19317,-1.82318,107.91888,0.18836,0.58825,-0.01069,-0.01190,0.80851,0,1,
06.30 08:51:38:096,35212,0.69911,0.57940,9.73482,-0.32064,0.04048,-0.04261,-7.84581,7.12994,-33.03125,1.50524,-174.73969,0.02263,-0.04588,-0.00080,0.01311,0.99885,1,1,
06.30 08:51:39:070,35768,-0.81882,-3.04064,10.04128,0.08735,0.09268,1.96754,-19.86060,-7.65083,-31.97658,-2.72979,107.82272,-1.65185,0.58908,-0.00238,-0.02774,0.80759,1,1,
06.30 08:51:39:484,36004,1.87705,4.39575,9.34696,-0.54222,0.28336,-1.39869,-14.91816,4.49999,-34.64654,0.43204,148.90657,1.23344,0.26804,-0.00936,0.00652,0.96333,1,1,
06.30 08:51:39:524,36027,1.48919,3.63919,9.31823,-0.43250,0.20347,-1.74384,-17.23315,1.92404,-33.97108,-0.79956,145.12224,1.75962,0.29954,-0.01674,-0.00205,0.95393,1,1,
06.30 08:51:39:592,36066,0.97683,1.34075,9.73004,0.13848,-0.17470,-1.90043,-17.07712,1.47320,-34.13400,-1.73859,137.90855,1.88928,0.35878,-0.02083,-0.00824,0.93315,1,1,
06.30 08:51:40:334,36489,0.02394,-0.38786,9.78750,-0.01172,0.00533,0.00852,-19.83696,-1.19657,-35.42915,-1.30273,128.55313,0.19421,0.43397,-0.00646,-0.00951,0.90084,1,1,
06.30 08:51:40:521,36596,0.00479,-0.36871,9.81144,-0.01491,-0.00107,0.00852,-21.39100,-1.52953,-33.93266,-1.30403,128.54648,0.17258,0.43403,-0.00630,-0.00960,0.90082,1,1,
06.30 08:51:40:533,36602,-0.00479,-0.37828,9.80665,-0.01278,-0.00213,0.00639,-19.68122,-3.47128,-35.33963,-1.30509,128.54872,0.17184,0.43401,-0.00629,-0.00961,0.90083,1,1,
06.30 08:51:40:576,36627,-0.00479,-0.36392,9.79707,-0.01491,-0.00107,0.00533,-22.15137,-0.12480,-35.25858,-1.30414,128.54823,0.16640,0.43401,-0.00625,-0.00962,0.90083,1,1,
06.30 08:51:40:776,36741,0.00000,-0.36871,9.79707,-0.01172,-0.00213,0.00746,-20.29945,1.99648,-35.79729,-1.31182,128.54094,0.14581,0.43407,-0.00612,-0.00976,0.90080,1,1,
06.30 08:51:43:134,38087,1.52271,2.49955,9.94073,-1.16327,-0.26206,-4.65201,-17.21374,-6.82609,-35.11845,-3.14178,108.79929,1.89508,0.58145,-0.02940,-0.01266,0.81294,1,1,
06.30 08:51:43:396,38236,0.50278,-2.58574,9.85453,0.53689,0.30680,3.55159,-16.12465,-7.56131,-36.19256,-7.68664,97.02872,1.77772,0.66007,-0.05599,-0.03995,0.74803,1,1,
06.30 08:51:43:461,38273,0.21069,-0.47884,9.70609,0.82665,0.48576,2.75264,-16.27694,-5.88345,-36.60091,-4.33301,109.84838,4.80145,0.57244,-0.05596,-0.00686,0.81800,1,1,
06.30 08:51:44:069,38620,-0.53151,1.36948,9.44752,-0.10333,0.19175,-0.41758,-15.96300,-6.17165,-37.21240,-0.56595,120.65361,6.96770,0.49386,-0.05524,0.02580,0.86739,1,1,
06.30 08:51:44:327,38767,-0.10056,-3.83551,9.91199,-0.05965,0.08096,0.41545,-15.06019,-9.89270,-34.28578,-9.24054,89.74912,-0.25037,0.70646,-0.05555,-0.05838,0.70314,1,1,
06.30 08:51:44:535,38886,-0.21548,-1.11091,9.50019,0.10227,0.30040,3.18088,-15.36290,-5.92349,-35.38812,-3.00349,115.95983,4.80793,0.52862,-0.04944,0.00003,0.84740,1,1,
06.30 08:51:44:582,38913,-0.50757,0.90501,9.27993,0.24608,-0.10759,1.85782,-14.28998,-2.45575,-35.13709,-1.80280,123.86169,5.55969,0.46924,-0.05018,0.00895,0.88159,1,1,
06.30 08:51:45:346,39349,-0.69432,1.15879,9.36612,0.22477,0.04368,0.83091,-14.13542,-3.82269,-35.02268,0.75195,125.28193,7.37557,0.45897,-0.05412,0.03537,0.88609,1,1,
06.30 08:51:45:523,39450,-0.75657,1.29766,9.45710,0.06392,-0.24501,-0.69455,-14.12665,-4.40290,-35.94599,1.56817,126.49348,7.18549,0.44998,-0.04980,0.04040,0.89072,1,1,
06.30 08:51:45:767,39589,-0.39744,-2.73418,9.87369,-0.49002,-0.01704,-0.44528,-15.83238,-7.61349,-34.37785,-7.29326,98.02268,0.40851,0.65439,-0.04440,-0.04568,0.75345,1,1,
06.30 08:51:46:264,39873,-0.10534,0.93853,9.74919,-0.01704,-0.12783,-0.24395,-17.22192,-2.59816,-34.70004,0.80891,130.42848,3.49178,0.41921,-0.02470,0.01918,0.90734,1,1,
06.30 08:51:46:975,40278,0.02873,0.00958,9.54329,0.52624,-0.63596,1.76621,-18.78630,-1.14054,-32.24704,0.97666,133.26086,-2.16373,0.39642,0.02071,0.00033,0.91783,1,1,
06.30 08:51:47:024,40306,0.61770,0.34955,9.48583,0.85647,-0.98004,2.47141,-20.16499,-0.34481,-33.28987,2.65633,139.35840,-4.54999,0.34604,0.04526,0.00794,0.93709,1,1,
06.30 08:51:47:376,40507,2.60968,0.57940,9.04051,-0.14381,0.80108,0.43782,-15.55491,7.78304,-32.74438,5.26840,177.98767,-10.81956,0.01313,0.09497,0.04409,0.99441,1,1,
06.30 08:51:47:463,40556,1.44131,0.36392,9.74919,-0.30893,0.51133,-0.13316,-14.16715,8.23096,-32.87730,3.70562,178.30650,-7.95627,0.01249,0.06981,0.03123,0.99698,1,1,
06.30 08:51:48:424,41105,0.03352,-0.22984,9.79707,-0.01278,-0.00320,0.00639,-6.46890,11.79747,-32.44350,-0.05968,-165.88417,-0.57682,-0.12286,0.00506,0.00010,0.99240,1,1,
06.30 08:51:48:500,41148,0.02394,-0.23942,9.80186,-0.01278,-0.00213,0.00639,-6.15230,11.51760,-33.35724,-0.05793,-165.88350,-0.57656,-0.12287,0.00506,0.00012,0.99240,1,1,
06.30 08:51:48:987,41426,0.03352,-0.26815,9.81144,-0.01065,-0.00213,0.00533,-5.39922,11.60917,-31.38535,-0.20397,-166.40834,-0.57717,-0.11832,0.00521,-0.00117,0.99295,1,1,
06.30 08:51:49:471,41702,0.01915,-0.26336,9.79707,-0.01065,-0.00320,0.00639,-6.47382,11.47824,-31.84733,-0.19815,-166.44238,-0.58940,-0.11802,0.00531,-0.00111,0.99298,1,1,
06.30 08:51:50:380,42221,0.00958,-0.25857,9.79228,-0.01278,-0.00107,0.00639,-4.62260,12.07824,-32.12530,-0.19971,-166.48833,-0.60681,-0.11762,0.00546,-0.00111,0.99303,1,1,
06.30 08:51:50:419,42243,0.01915,-0.26336,9.79228,-0.01172,-0.00320,0.00746,-5.53250,13.04270,-33.91766,-0.19895,-166.48807,-0.60685,-0.11763,0.00546,-0.00110,0.99303,1,1,
06.30 08:51:50:460,42267,0.01437,-0.26336,9.79228,-0.01172,-0.00426,0.00533,-6.92784,12.26722,-32.88633,-0.19882,-166.48766,-0.60828,-0.11763,0.00548,-0.00110,0.99303,1,1,
06.30 08:51:50:638,42368,0.00958,-0.27773,9.79228,-0.01385,0.00107,0.00639,-6.31563,13.46475,-32.54834,-0.19982,-166.49225,-0.60587,-0.11759,0.00546,-0.00111,0.99303,1,1,
06.30 08:51:50:833,42479,0.00000,-0.25857,9.78750,-0.01278,-0.00320,0.00639,-5.37913,12.58353,-33.77835,-0.19384,-166.49855,-0.60847,-0.11753,0.00547,-0.00106,0.99304,1,1,
06.30 08:51:51:553,42890,0.02394,-0.26336,9.80665,-0.01278,-0.00213,0.00426,-5.68735,12.58578,-33.77963,-0.19766,-166.51236,-0.61898,-0.11741,0.00557,-0.00108,0.99305,0,1,
06.30 08:51:53:589,44052,0.01915,-0.26815,9.79707,-0.01065,-0.00107,0.00533,-5.84220,12.12886,-33.64160,-0.22132,-166.59746,-0.62470,-0.11668,0.00564,-0.00128,0.99314,0,1,
06.30 08:51:53:837,44193,0.00958,-0.27294,9.79228,-0.01172,-0.00213,0.00639,-6.93277,11.94798,-32.29016,-0.22586,-166.60278,-0.62506,-0.11663,0.00565,-0.00132,0.99314,0,1,
06.30 08:51:55:078,44901,0.01437,-0.26815,9.79228,-0.01172,-0.00320,0.00746,-7.70299,12.71424,-32.42373,-0.23703,-166.64249,-0.62226,-0.11628,0.00563,-0.00142,0.99318,0,1,
06.30 08:51:56:238,45563,0.00000,-0.25379,9.79228,-0.01172,-0.00320,0.00426,-6.77259,12.42155,-33.03266,-0.25637,-166.68900,-0.61969,-0.11588,0.00563,-0.00160,0.99323,0,1,
06.30 08:51:56:383,45646,0.00958,-0.26336,9.78271,-0.01172,-0.00213,0.00533,-5.84339,13.03663,-33.61670,-0.25971,-166.68819,-0.62059,-0.11589,0.00564,-0.00162,0.99323,0,1,
06.30 08:51:56:425,45670,0.01915,-0.27773,9.79707,-0.01172,-0.00320,0.00639,-6.15693,13.02223,-33.01351,-0.26176,-166.68739,-0.62191,-0.11589,0.00566,-0.00164,0.99323,0,1,
06.30 08:51:56:902,45942,0.00958,-0.26815,9.79228,-0.01278,-0.00107,0.00533,-7.68466,10.94864,-34.28694,-0.27099,-166.69992,-0.62352,-0.11578,0.00568,-0.00172,0.99324,0,1,
06.30 08:51:57:340,46192,0.00958,-0.25857,9.79228,-0.01065,-0.00426,0.00533,-6.62227,12.25665,-32.58282,-0.28228,-166.71330,-0.62322,-0.11567,0.00569,-0.00182,0.99325,0,1,
06.30 08:51:58:409,46802,0.01915,-0.26336,9.80665,-0.01278,-0.00320,0.00426,-7.85863,12.86250,-32.26910,-0.34996,-166.75386,-0.62969,-0.11531,0.00581,-0.00240,0.99329,0,1,
06.30 08:51:58:925,47096,0.02394,-0.27294,9.78750,-0.01385,-0.00213,0.00426,-7.55582,14.97006,-31.90749,-0.38828,-166.76996,-0.62463,-0.11517,0.00581,-0.00274,0.99331,0,1,
06.30 08:51:59:659,47515,0.02394,-0.26815,9.80186,-0.01065,-0.00213,0.00426,-7.85675,13.47600,-32.55473,-0.47293,-166.78145,-0.61570,-0.11507,0.00581,-0.00348,0.99332,0,1,
06.30 08:51:59:764,47575,0.00958,-0.26336,9.80186,-0.01385,-0.00213,0.00426,-5.84112,13.34754,-33.91064,-0.48497,-166.78560,-0.61678,-0.11503,0.00583,-0.00358,0.99332,0,1,
06.30 08:52:00:142,47791,0.02394,-0.26815,9.79707,-0.01172,-0.00213,0.00639,-6.14403,13.36643,-34.51640,-0.52064,-166.79678,-0.61660,-0.11493,0.00587,-0.00389,0.99333,0,1,
06.30 08:52:00:354,47912,0.01915,-0.26815,9.78750,-0.01172,-0.00320,0.00426,-6.45560,11.83909,-33.95469,-0.54087,-166.79509,-0.61397,-0.11495,0.00587,-0.00407,0.99333,0,1,
06.30 08:52:00:390,47932,0.01915,-0.26336,9.79707,-0.01278,-0.00320,0.00533,-6.00090,12.57138,-33.17643,-0.54283,-166.79623,-0.61441,-0.11494,0.00587,-0.00409,0.99333,0,1,
06.30 08:52:00:830,48183,0.01915,-0.27294,9.80186,-0.01278,-0.00107,0.00533,-5.37676,10.76799,-33.82814,-0.58633,-166.80345,-0.61994,-0.11487,0.00596,-0.00446,0.99333,0,1,
06.30 08:52:01:454,48539,0.00479,-0.15802,9.79707,-0.03196,0.00107,0.02663,-6.92252,12.28386,-33.49081,-0.73948,-172.04709,-0.65739,-0.06930,0.00617,-0.00604,0.99754,1,1,
06.30 08:52:02:167,48946,-0.24421,-0.28730,9.81623,-0.01385,-0.00320,-0.05752,-9.24156,14.86026,-32.97650,-0.81742,-175.53539,-0.61055,-0.03891,0.00560,-0.00692,0.99918,1,1,
06.30 08:52:02:803,49309,0.04788,-0.31603,9.73482,-0.00533,-0.03515,-0.21412,-8.15877,10.76327,-32.93294,-0.68511,-176.53961,-1.05889,-0.03013,0.00942,-0.00570,0.99947,1,1,
06.30 08:52:03:839,49900,0.01437,-0.28252,9.79707,-0.01172,-0.00107,0.00533,-9.07626,11.40017,-33.82689,-0.94197,-178.21680,-0.71428,-0.01551,0.00636,-0.00812,0.99981,1,1,
06.30 08:52:03:967,49973,0.01915,-0.28252,9.80186,-0.01172,-0.00320,0.00533,-9.54850,11.82829,-32.75853,-0.94783,-178.21449,-0.71817,-0.01553,0.00640,-0.00817,0.99981,1,1,
06.30 08:52:04:293,50159,0.02394,-0.26815,9.80186,-0.01172,-0.00320,0.00639,-9.39857,11.96598,-32.30038,-0.96227,-178.20563,-0.72628,-0.01560,0.00647,-0.00830,0.99980,1,1,
06.30 08:52:04:402,50221,0.02394,-0.28252,9.80186,-0.01385,-0.00107,0.00533,-10.45948,11.57407,-34.28185,-0.96886,-178.19955,-0.72724,-0.01566,0.00648,-0.00835,0.99980,1,1,
06.30 08:52:04:409,50225,0.01437,-0.28252,9.80186,-0.01065,-0.00320,0.00533,-10.46854,10.33042,-33.10610,-0.96949,-178.19882,-0.72690,-0.01566,0.00648,-0.00836,0.99980,1,1,
06.30 08:52:04:982,50552,-0.00479,-0.27773,9.81623,-0.01065,-0.00533,0.00426,-9.22687,9.74121,-34.02429,-0.99847,-178.18474,-0.74832,-0.01578,0.00667,-0.00861,0.99980,1,1,
06.30 08:52:05:263,50713,0.01437,-0.28252,9.81144,-0.01385,-0.00426,0.00639,-11.24645,12.89557,-32.58540,-1.01365,-178.18106,-0.75858,-0.01581,0.00676,-0.00874,0.99980,1,1,
06.30 08:52:05:702,50963,0.01437,-0.28252,9.80186,-0.01278,-0.00320,0.00533,-8.15385,11.08250,-33.52912,-1.03549,-178.17169,-0.76860,-0.01589,0.00685,-0.00893,0.99979,1,1,
06.30 08:52:05:773,51004,0.01915,-0.27294,9.80665,-0.01491,-0.00320,0.00533,-10.92522,11.11107,-33.84286,-1.03788,-178.16852,-0.77189,-0.01592,0.00688,-0.00895,0.99979,1,1,
06.30 08:52:06:410,51367,0.01437,-0.27773,9.79707,-0.01278,-0.00213,0.00533,-10.92482,10.80848,-33.85116,-1.07866,-178.14359,-0.79427,-0.01613,0.00708,-0.00930,0.99978,0,1,
06.30 08:52:07:134,51780,0.00479,-0.28252,9.80186,-0.01172,-0.00426,0.00533,-9.84303,11.56957,-34.27930,-1.10596,-178.13129,-0.81721,-0.01624,0.00729,-0.00953,0.99978,0,1,
06.30 08:52:07:344,51900,0.00958,-0.28252,9.79707,-0.01278,-0.00213,0.00639,-10.77342,11.86226,-33.67036,-1.11588,-178.12543,-0.81830,-0.01629,0.00730,-0.00962,0.99978,0,1,
06.30 08:52:07:543,52013,0.00958,-0.27773,9.79707,-0.01172,-0.00320,0.00533,-9.38517,9.88114,-33.56743,-1.12149,-178.12187,-0.81810,-0.01632,0.00730,-0.00967,0.99978,0,1,
06.30 08:52:07:753,52133,0.01437,-0.28730,9.80186,-0.01065,0.00000,0.00533,-9.54505,11.23144,-33.07737,-1.12416,-178.11966,-0.81620,-0.01634,0.00728,-0.00969,0.99978,0,1,
06.30 08:52:08:561,52594,0.01437,-0.28730,9.79707,-0.01278,-0.00320,0.00533,-9.70227,12.59005,-32.88954,-1.15627,-178.09998,-0.81545,-0.01651,0.00728,-0.00997,0.99977,0,1,
06.30 08:52:08:866,52768,0.00958,-0.28730,9.79707,-0.01172,-0.00320,0.00533,-11.09032,10.31827,-32.50418,-1.16427,-178.09529,-0.82505,-0.01655,0.00737,-0.01004,0.99977,0,1,
06.30 08:52:08:938,52809,0.00958,-0.27773,9.79228,-0.01278,-0.00320,0.00426,-9.09182,11.04764,-32.02177,-1.16511,-178.09453,-0.82573,-0.01655,0.00737,-0.01005,0.99977,0,1,
06.30 08:52:09:028,52861,0.03352,-0.29209,9.82102,-0.01278,-0.00320,0.00639,-10.15736,12.16035,-33.65950,-1.16583,-178.09567,-0.82840,-0.01654,0.00740,-0.01005,0.99977,0,1,
06.30 08:52:10:526,53715,-0.04788,-0.26815,9.76355,-0.01172,-0.00426,0.00426,-8.29688,9.75111,-34.62493,-1.20673,-178.07477,-0.82757,-0.01672,0.00740,-0.01041,0.99976,0,1,
06.30 08:52:10:661,53792,0.05267,-0.24900,9.82580,-0.01278,-0.00107,0.00533,-10.32207,11.06496,-32.32912,-1.20561,-178.07709,-0.84444,-0.01670,0.00754,-0.01040,0.99976,0,1,
06.30 08:52:11:022,53998,0.01915,-0.29209,9.81144,-0.01278,0.00213,0.00639,-9.70985,12.26250,-31.99113,-1.20679,-178.06743,-0.85108,-0.01678,0.00760,-0.01040,0.99976,0,1,
06.30 08:52:11:261,54135,0.05267,-0.26336,9.79707,-0.01065,0.00746,0.00959,-8.77335,11.38127,-33.22114,-1.20847,-178.06151,-0.86368,-0.01683,0.00771,-0.01042,0.99976,0,1,
06.30 08:52:11:273,54141,0.00958,-0.25857,9.77792,-0.01278,0.00000,0.00852,-11.09416,11.21772,-32.17705,-1.20815,-178.05574,-0.85540,-0.01689,0.00764,-0.01041,0.99976,0,1,
06.30 08:52:14:194,55808,0.31603,-0.15323,10.40999,0.00639,0.01598,-0.00320,-10.46441,11.25483,-33.68568,-1.17851,-178.10672,-0.85791,-0.01644,0.00766,-0.01016,0.99977,1,1,
06.30 08:52:14:919,56222,0.01437,-0.28252,9.74919,-0.01278,-0.00107,0.00639,-9.85328,11.23369,-33.07864,-1.18413,-178.07811,-0.82484,-0.01669,0.00737,-0.01021,0.99977,1,1,
06.30 08:52:15:046,56294,0.04788,-0.26815,9.85932,-0.01278,-0.00852,0.00320,-11.24408,11.08003,-32.63519,-1.17901,-178.07877,-0.82512,-0.01669,0.00737,-0.01017,0.99977,1,1,
06.30 08:52:15:064,56305,0.03831,-0.30167,9.79228,-0.01065,0.00533,0.00746,-9.69961,12.59838,-33.19178,-1.18004,-178.07809,-0.82523,-0.01669,0.00737,-0.01018,0.99977,1,1,
06.30 08:52:15:352,56469,-0.02394,-0.26815,9.77792,-0.01172,0.00000,0.00852,-8.94003,11.79883,-31.84926,-1.17072,-178.06451,-0.81732,-0.01681,0.00730,-0.01009,0.99977,1,1,
06.30 08:52:15:470,56536,0.00958,-0.26336,9.78750,-0.01172,-0.00213,0.00639,-10.77716,10.63526,-33.09908,-1.16757,-178.06062,-0.81701,-0.01685,0.00730,-0.01007,0.99977,1,1,
06.30 08:52:15:626,56625,0.00479,-0.30646,9.79228,-0.01065,-0.00533,0.00426,-8.31904,12.41615,-32.43458,-1.16736,-178.05814,-0.81363,-0.01687,0.00727,-0.01007,0.99977,1,1,
06.30 08:52:16:034,56858,0.00000,-0.26815,9.79707,-0.01172,-0.00320,0.00426,-9.39473,11.06653,-32.62752,-1.16507,-178.05663,-0.81154,-0.01688,0.00725,-0.01005,0.99977,0,1,
06.30 08:52:16:134,56915,-0.01437,-0.27294,9.79707,-0.01172,-0.00426,0.00426,-9.23535,12.14528,-33.35343,-1.16131,-178.05518,-0.81324,-0.01690,0.00727,-0.01001,0.99977,0,1,
06.30 08:52:16:225,56967,-0.00479,-0.28730,9.79228,-0.01172,-0.00426,0.00426,-8.78507,10.12930,-31.74315,-1.15950,-178.05736,-0.81448,-0.01688,0.00728,-0.01000,0.99977,0,1,
06.30 08:52:16:576,57167,0.00479,-0.27294,9.79228,-0.00959,-0.00213,0.00746,-9.06138,10.23142,-35.37127,-1.15646,-178.04865,-0.81680,-0.01695,0.00730,-0.00997,0.99977,0,1,
06.30 08:52:17:913,57930,0.01437,-0.28730,9.78750,-0.01385,-0.00107,0.00852,-10.93212,12.30479,-33.20519,-1.14930,-178.02696,-0.81562,-0.01714,0.00729,-0.00991,0.99976,0,1,
06.30 08:52:18:174,58079,0.00000,-0.28252,9.80186,-0.01172,0.00107,0.00639,-9.07892,11.39184,-33.52465,-1.14893,-178.02213,-0.81273,-0.01719,0.00726,-0.00990,0.99976,0,1,
06.30 08:52:18:535,58285,0.01437,-0.26815,9.78271,-0.01278,-0.00320,0.00426,-9.53254,11.87823,-34.57196,-1.15001,-178.02783,-0.81106,-0.01714,0.00725,-0.00991,0.99976,0,1,
06.30 08:52:18:793,58432,0.01437,-0.27773,9.80186,-0.01172,-0.00213,0.00426,-10.46480,11.55742,-33.67738,-1.15629,-178.03038,-0.80790,-0.01711,0.00722,-0.00997,0.99976,0,1,
06.30 08:52:19:257,58697,0.01437,-0.26815,9.80186,-0.01172,-0.00426,0.00320,-10.01305,10.45753,-32.34444,-1.14925,-178.02000,-0.81797,-0.01720,0.00731,-0.00990,0.99976,0,1,
06.30 08:52:19:384,58769,0.00479,-0.28252,9.79228,-0.01278,-0.00320,0.00426,-9.69153,10.49690,-33.85435,-1.14425,-178.01634,-0.81723,-0.01724,0.00730,-0.00986,0.99976,0,1,
06.30 08:52:19:466,58816,0.00479,-0.27773,9.80186,-0.01278,-0.00213,0.00639,-9.38251,9.88947,-33.86966,-1.14587,-178.01576,-0.81696,-0.01724,0.00730,-0.00987,0.99976,0,1,
06.30 08:52:19:871,59047,0.00000,-0.28730,9.82580,-0.01385,-0.00320,0.00533,-7.84178,10.18081,-33.85497,-1.14364,-178.00432,-0.81597,-0.01734,0.00729,-0.00985,0.99976,0,1,
06.30 08:52:20:388,59342,-0.00479,-0.27773,9.79228,-0.01278,-0.00426,0.00426,-9.99108,12.04539,-35.02308,-1.14195,-177.98820,-0.82735,-0.01748,0.00739,-0.00984,0.99976,0,1,
06.30 08:52:20:721,59532,0.00958,-0.28730,9.77792,-0.01172,-0.00107,0.00639,-10.16337,10.62243,-32.79428,-1.14336,-177.98906,-0.83478,-0.01747,0.00746,-0.00985,0.99976,0,1,
06.30 08:52:21:363,59899,0.00479,-0.29209,9.78750,-0.01172,0.00000,0.00746,-9.38675,11.09150,-33.53423,-1.13546,-177.98296,-0.84214,-0.01753,0.00752,-0.00978,0.99976,0,1,
06.30 08:52:21:883,60195,0.00479,-0.28730,9.80186,-0.01172,-0.00320,0.00533,-10.00202,10.18823,-33.56169,-1.13637,-177.98131,-0.83391,-0.01754,0.00745,-0.00979,0.99976,0,1,
06.30 08:52:22:568,60586,-0.02873,-0.30167,9.80186,-0.01385,0.00426,0.00639,-10.30650,11.41749,-34.13424,-1.13916,-177.98843,-0.83085,-0.01748,0.00742,-0.00981,0.99976,0,1,
06.30 08:52:22:908,60780,0.02394,-0.27773,9.79228,-0.01278,-0.00533,0.00426,-8.92594,11.23526,-33.37704,-1.13451,-177.98135,-0.83276,-0.01754,0.00744,-0.00977,0.99976,0,1,
06.30 08:52:23:064,60869,0.00479,-0.27773,9.77313,-0.01065,0.00213,0.00533,-10.62753,8.94908,-32.38849,-1.13251,-177.97809,-0.83375,-0.01757,0.00745,-0.00975,0.99976,0,1,
06.30 08:52:23:439,61083,0.00000,-0.28252,9.80186,-0.01278,-0.00213,0.00533,-9.69310,11.70725,-33.82115,-1.13908,-177.96100,-0.83448,-0.01772,0.00746,-0.00981,0.99976,0,1,
06.30 08:52:23:931,61364,0.00479,-0.28252,9.79228,-0.01278,-0.00426,0.00426,-10.79086,10.89623,-31.57959,-1.14715,-177.95473,-0.83178,-0.01777,0.00744,-0.00988,0.99975,0,1,
06.30 08:52:25:371,62185,0.02394,-0.28730,9.80186,-0.01278,-0.00213,0.00533,-11.39746,11.53920,-32.77450,-1.14475,-177.92827,-0.82677,-0.01800,0.00739,-0.00986,0.99975,0,1,
06.30 08:52:25:466,62239,0.00479,-0.27294,9.80186,-0.01385,-0.00213,0.00426,-10.16495,11.83279,-32.76109,-1.14648,-177.93225,-0.82534,-0.01797,0.00738,-0.00987,0.99975,0,1,
06.30 08:52:25:526,62274,0.00958,-0.28252,9.78271,-0.01385,-0.00320,0.00533,-10.77184,10.65190,-33.70355,-1.14751,-177.93024,-0.82540,-0.01799,0.00738,-0.00988,0.99975,0,1,
06.30 08:52:25:564,62295,0.00958,-0.28252,9.79228,-0.01278,-0.00213,0.00639,-9.86431,11.50299,-31.86140,-1.14784,-177.92787,-0.82578,-0.01801,0.00739,-0.00988,0.99975,0,1,
06.30 08:52:26:189,62652,-0.00479,-0.29688,9.79228,-0.01278,-0.00107,0.00639,-10.15244,12.47959,-34.25568,-1.15977,-177.93123,-0.82394,-0.01798,0.00737,-0.00999,0.99975,0,1,
06.30 08:52:26:540,62852,0.00479,-0.28730,9.78750,-0.01172,-0.00213,0.00639,-10.92443,10.50589,-33.85946,-1.16294,-177.92885,-0.82260,-0.01800,0.00736,-0.01002,0.99975,0,1,
06.30 08:52:26:680,62932,0.00958,-0.28252,9.79228,-0.01172,-0.00320,0.00639,-10.76199,11.29037,-34.89590,-1.15930,-177.92885,-0.82065,-0.01800,0.00734,-0.00999,0.99975,0,1,
06.30 08:52:26:718,62954,0.00000,-0.27773,9.79707,-0.01065,-0.00320,0.00426,-9.69990,10.77452,-32.93933,-1.15935,-177.92738,-0.82218,-0.01801,0.00736,-0.00999,0.99975,0,1,
06.30 08:52:26:992,63110,0.00958,-0.28252,9.79228,-0.01278,-0.00320,0.00533,-9.69340,9.88339,-33.56871,-1.14934,-177.93166,-0.81552,-0.01798,0.00730,-0.00990,0.99975,0,1,
06.30 08:52:27:167,63210,0.01915,-0.26815,9.79707,-0.01278,-0.00320,0.00533,-10.32404,12.57791,-32.28762,-1.15197,-177.93040,-0.81254,-0.01799,0.00727,-0.00992,0.99975,0,1,
06.30 08:52:29:006,64259,0.01437,-0.26336,9.80665,-0.01065,-0.00213,0.00533,-10.91990,11.12772,-34.44734,-1.15725,-177.92906,-0.79417,-0.01800,0.00711,-0.00997,0.99975,0,1,
06.30 08:52:29:346,64453,0.16759,-0.24900,9.84017,-0.03835,0.04048,-0.00746,-8.92554,10.93267,-33.38535,-1.07853,-177.95865,-1.11597,-0.01772,0.00990,-0.00924,0.99974,1,1,
06.30 08:52:29:420,64495,-0.93374,-0.31125,9.76355,-0.03196,-0.10227,-1.17392,-11.86241,10.47103,-32.35211,-1.13144,-179.33368,-1.07486,-0.00572,0.00944,-0.00982,0.99988,1,1,
06.30 08:52:30:112,64890,0.24421,-0.06704,9.80186,0.01065,0.02557,1.08977,-5.39016,12.85283,-32.56110,-0.91332,-159.59909,-0.97425,-0.17701,0.00978,-0.00634,0.98413,1,1,
06.30 08:52:30:125,64898,-0.47405,0.13408,9.80665,0.00533,0.03941,0.72971,-5.38829,13.46633,-32.84674,-0.90914,-159.02283,-0.93590,-0.18196,0.00947,-0.00631,0.98323,1,1,
06.30 08:52:30:654,65200,0.59855,-0.74699,9.77792,0.00000,-0.05326,-0.50387,-11.70302,11.54977,-33.07802,-1.19715,176.24419,-0.70950,0.03283,0.00585,-0.01064,0.99938,1,1,
06.30 08:52:30:704,65228,0.12450,-0.49799,9.79228,-0.00426,-0.04261,-0.17577,-11.24103,10.78576,-32.94573,-1.17550,175.37387,-0.79475,0.04043,0.00652,-0.01053,0.99909,1,1,
06.30 08:52:30:850,65311,-0.27294,-0.49799,9.82102,0.01065,-0.01917,1.00774,-12.00820,11.25776,-33.38984,-1.10685,178.51134,-0.94079,0.01307,0.00808,-0.00976,0.99982,1,1,
06.30 08:52:30:979,65385,0.14365,-0.59855,9.79228,0.01917,0.06605,1.76621,-8.62806,13.02358,-32.41926,-1.05125,-169.68185,-0.64093,-0.08986,0.00640,-0.00863,0.99588,1,1,
06.30 08:52:31:046,65423,-0.00479,0.11971,9.78271,-0.02876,0.07457,0.85221,-6.46516,13.02448,-33.01479,-1.06259,-164.16727,-0.31608,-0.13769,0.00401,-0.00880,0.99042,1,1,
06.30 08:52:32:547,66280,0.06704,0.44053,9.77313,-0.01811,-0.06179,-1.35076,-4.63137,12.65845,-31.20199,-0.94776,-161.90451,-0.44011,-0.15721,0.00509,-0.00756,0.98751,1,1,
06.30 08:52:33:105,66598,-0.45969,-0.57461,9.77792,-0.00426,0.01065,0.77232,-8.61732,10.93042,-33.38407,-0.96756,-178.32289,-0.87934,-0.01457,0.00780,-0.00833,0.99982,1,1,
06.30 08:52:33:361,66744,-0.22984,-0.10056,9.77313,-0.00852,-0.03302,-0.18642,-9.24214,11.21254,-32.47161,-0.90673,-170.68588,-0.76823,-0.08113,0.00732,-0.00734,0.99664,1,1,
06.30 08:52:33:481,66812,0.18675,-0.01437,9.82580,-0.02344,-0.03089,-0.94595,-10.01463,11.66789,-32.31124,-0.92690,-176.48894,-0.83450,-0.03057,0.00753,-0.00786,0.99946,1,1,
06.30 08:52:33:513,66831,0.09098,-0.06225,9.78271,-0.03089,-0.00533,-1.15475,-9.86313,10.59522,-31.88629,-0.93297,-178.33559,-0.85117,-0.01446,0.00755,-0.00803,0.99982,1,1,
06.30 08:52:33:968,67090,-0.39265,-0.38786,9.82102,0.02876,-0.06711,0.98217,-12.00396,10.05572,-33.72527,-0.85701,177.22455,-1.22554,0.02430,0.01051,-0.00774,0.99961,1,1,
06.30 08:52:34:118,67176,0.07661,-0.38307,9.83059,0.01917,-0.00746,0.79149,-9.24441,10.90163,-32.17767,-0.80615,-174.62650,-1.10450,-0.04680,0.00996,-0.00658,0.99882,1,1,
06.30 08:52:34:127,67181,0.10056,-0.40701,9.77313,-0.00533,0.03302,0.80214,-9.24441,10.90163,-32.17767,-0.80615,-174.62650,-1.10450,-0.04680,0.00996,-0.00658,0.99882,1,1,
06.30 08:52:34:196,67220,0.06225,-0.18675,9.76834,-0.02557,0.10972,0.76379,-8.31569,13.94575,-32.99756,-0.88733,-170.94304,-0.56983,-0.07891,0.00557,-0.00733,0.99683,1,1,
06.30 08:52:34:421,67349,-0.12929,0.31125,9.82102,-0.00320,-0.08203,-1.07272,-6.78136,13.00176,-32.10935,-0.90247,-168.81339,-0.37680,-0.09743,0.00404,-0.00752,0.99519,1,1,
06.30 08:52:36:062,68285,0.52672,-0.26815,9.78271,-0.05752,0.17577,-0.89163,-13.08762,8.68113,-33.01149,-0.80273,168.60373,-1.08720,0.09934,0.00874,-0.00791,0.99497,1,1,
06.30 08:52:36:181,68353,-0.38307,-0.70390,9.79707,-0.02557,-0.03409,-0.62957,-15.70749,7.63703,-32.90029,-0.90854,163.32408,-0.78766,0.14505,0.00565,-0.00884,0.98936,1,1,
06.30 08:52:36:326,68436,-0.21069,-0.49799,9.77792,-0.00533,-0.04048,-0.04048,-15.69941,5.53555,-33.56286,-0.94507,160.72873,-0.68176,0.16742,0.00448,-0.00913,0.98582,1,1,
06.30 08:52:38:256,69537,0.02873,-0.24900,9.80186,-0.01065,0.00000,0.00533,-6.62749,10.11355,-31.73420,-0.59676,-167.68190,-0.77522,-0.10725,0.00728,-0.00445,0.99419,1,1,
06.30 08:52:38:300,69562,0.00479,-0.26815,9.79228,-0.01172,-0.00320,0.00533,-7.69501,12.73921,-33.33044,-0.59605,-167.67917,-0.76777,-0.10727,0.00722,-0.00445,0.99418,1,1,
06.30 08:52:38:365,69599,0.02873,-0.25857,9.79707,-0.01172,0.00000,0.00639,-5.86230,11.15450,-31.24860,-0.59310,-167.68262,-0.77337,-0.10724,0.00727,-0.00442,0.99419,1,1,
06.30 08:52:39:159,70052,0.00958,-0.25857,9.79228,-0.01172,-0.00320,0.00639,-6.93040,10.13244,-32.33995,-0.57921,-167.67978,-0.75527,-0.10727,0.00710,-0.00432,0.99419,1,1,
06.30 08:52:39:646,70330,0.01915,-0.25857,9.80186,-0.01278,-0.00107,0.00533,-7.09067,11.78533,-31.84159,-0.57762,-167.68507,-0.74915,-0.10722,0.00704,-0.00431,0.99419,1,1,
06.30 08:52:40:759,70965,0.01437,-0.26336,9.80186,-0.01172,-0.00426,0.00426,-8.45862,10.48790,-33.84923,-0.59550,-167.68950,-0.72821,-0.10718,0.00688,-0.00449,0.99420,0,1,
06.30 08:52:41:049,71130,0.01915,-0.25857,9.80186,-0.01278,-0.00213,0.00426,-6.91109,11.71198,-34.71635,-0.59286,-167.70059,-0.72512,-0.10709,0.00685,-0.00447,0.99421,0,1,
06.30 08:52:41:278,71261,0.00479,-0.26815,9.80186,-0.01385,-0.00426,0.00533,-8.15651,11.07418,-33.22688,-0.59449,-167.70378,-0.72451,-0.10706,0.00684,-0.00448,0.99421,0,1,
06.30 08:52:41:507,71392,0.01915,-0.25857,9.80186,-0.01065,-0.00213,0.00533,-8.62953,12.10749,-32.14192,-0.60172,-167.70564,-0.73040,-0.10704,0.00690,-0.00454,0.99421,0,1,
06.30 08:52:41:756,71534,0.01437,-0.26815,9.79707,-0.00959,-0.00320,0.00320,-5.70863,12.51919,-31.36173,-0.60791,-167.71732,-0.72875,-0.10694,0.00689,-0.00459,0.99422,0,1,
06.30 08:52:42:485,71950,0.01915,-0.27294,9.79228,-0.01278,-0.00426,0.00639,-8.62382,11.82154,-32.75470,-0.63835,-167.72182,-0.71393,-0.10690,0.00679,-0.00487,0.99422,0,1,
06.30 08:52:42:925,72201,0.00958,-0.26815,9.79707,-0.01172,-0.00320,0.00533,-6.77220,12.11896,-33.04096,-0.65112,-167.72380,-0.71089,-0.10688,0.00678,-0.00499,0.99423,0,1,
